<?xml version="1.0" encoding="UTF-8" ?>
<!-- This is a WordPress eXtended RSS file generated by WordPress as an export of your site. -->
<!-- It contains information about your site's posts, pages, comments, categories, and other content. -->
<!-- You may use this file to transfer that content from one site to another. -->
<!-- This file is not intended to serve as a complete backup of your site. -->

<!-- To import this information into a WordPress site follow these steps: -->
<!-- 1. Log in to that site as an administrator. -->
<!-- 2. Go to Tools: Import in the WordPress admin panel. -->
<!-- 3. Install the "WordPress" importer from the list. -->
<!-- 4. Activate & Run Importer. -->
<!-- 5. Upload this file using the form provided on that page. -->
<!-- 6. You will first be asked to map the authors in this export file to users -->
<!--    on the site. For each author, you may choose to map to an -->
<!--    existing user on the site or to create a new user. -->
<!-- 7. WordPress will then import each of the posts, pages, comments, categories, etc. -->
<!--    contained in this file into your site. -->

<!-- generator="WordPress/4.3.1" created="2015-11-03 11:57" -->
<rss version="2.0"
	xmlns:excerpt="http://wordpress.org/export/1.2/excerpt/"
	xmlns:content="http://purl.org/rss/1.0/modules/content/"
	xmlns:wfw="http://wellformedweb.org/CommentAPI/"
	xmlns:dc="http://purl.org/dc/elements/1.1/"
	xmlns:wp="http://wordpress.org/export/1.2/"
>

<channel>
	<title>Bodyguard</title>
	<link>http://themes.webdevia.com/bodyguard</link>
	<description>Just another WordPress site</description>
	<pubDate>Tue, 03 Nov 2015 11:57:58 +0000</pubDate>
	<language>en-US</language>
	<wp:wxr_version>1.2</wp:wxr_version>
	<wp:base_site_url>http://themes.webdevia.com/bodyguard/</wp:base_site_url>
	<wp:base_blog_url>http://themes.webdevia.com/bodyguard</wp:base_blog_url>

	<wp:author><wp:author_id>1</wp:author_id><wp:author_login>root</wp:author_login><wp:author_email>admin@themes.webdevia.com</wp:author_email><wp:author_display_name><![CDATA[root]]></wp:author_display_name><wp:author_first_name><![CDATA[]]></wp:author_first_name><wp:author_last_name><![CDATA[]]></wp:author_last_name></wp:author>

	<wp:category><wp:term_id>4</wp:term_id><wp:category_nicename>category-one</wp:category_nicename><wp:category_parent></wp:category_parent><wp:cat_name><![CDATA[Category one]]></wp:cat_name></wp:category>
	<wp:category><wp:term_id>8</wp:term_id><wp:category_nicename>news</wp:category_nicename><wp:category_parent></wp:category_parent><wp:cat_name><![CDATA[News]]></wp:cat_name></wp:category>
	<wp:category><wp:term_id>1</wp:term_id><wp:category_nicename>uncategorized</wp:category_nicename><wp:category_parent></wp:category_parent><wp:cat_name><![CDATA[Uncategorized]]></wp:cat_name></wp:category>
	<wp:tag><wp:term_id>11</wp:term_id><wp:tag_slug>car</wp:tag_slug><wp:tag_name><![CDATA[car]]></wp:tag_name></wp:tag>
	<wp:tag><wp:term_id>7</wp:term_id><wp:tag_slug>cargo</wp:tag_slug><wp:tag_name><![CDATA[cargo]]></wp:tag_name></wp:tag>
	<wp:tag><wp:term_id>5</wp:term_id><wp:tag_slug>news</wp:tag_slug><wp:tag_name><![CDATA[news]]></wp:tag_name></wp:tag>
	<wp:tag><wp:term_id>6</wp:term_id><wp:tag_slug>shipping</wp:tag_slug><wp:tag_name><![CDATA[shipping]]></wp:tag_name></wp:tag>
	<wp:tag><wp:term_id>9</wp:term_id><wp:tag_slug>update</wp:tag_slug><wp:tag_name><![CDATA[update]]></wp:tag_name></wp:tag>
	<wp:tag><wp:term_id>12</wp:term_id><wp:tag_slug>warehouse</wp:tag_slug><wp:tag_name><![CDATA[warehouse]]></wp:tag_name></wp:tag>
	<wp:term><wp:term_id>19</wp:term_id><wp:term_taxonomy>pa_color</wp:term_taxonomy><wp:term_slug>black</wp:term_slug><wp:term_parent></wp:term_parent><wp:term_name><![CDATA[Black]]></wp:term_name></wp:term>
	<wp:term><wp:term_id>20</wp:term_id><wp:term_taxonomy>pa_color</wp:term_taxonomy><wp:term_slug>blue</wp:term_slug><wp:term_parent></wp:term_parent><wp:term_name><![CDATA[Blue]]></wp:term_name></wp:term>
	<wp:term><wp:term_id>18</wp:term_id><wp:term_taxonomy>product_type</wp:term_taxonomy><wp:term_slug>external</wp:term_slug><wp:term_parent></wp:term_parent><wp:term_name><![CDATA[external]]></wp:term_name></wp:term>
	<wp:term><wp:term_id>21</wp:term_id><wp:term_taxonomy>pa_color</wp:term_taxonomy><wp:term_slug>green</wp:term_slug><wp:term_parent></wp:term_parent><wp:term_name><![CDATA[Green]]></wp:term_name></wp:term>
	<wp:term><wp:term_id>16</wp:term_id><wp:term_taxonomy>product_type</wp:term_taxonomy><wp:term_slug>grouped</wp:term_slug><wp:term_parent></wp:term_parent><wp:term_name><![CDATA[grouped]]></wp:term_name></wp:term>
	<wp:term><wp:term_id>15</wp:term_id><wp:term_taxonomy>product_type</wp:term_taxonomy><wp:term_slug>simple</wp:term_slug><wp:term_parent></wp:term_parent><wp:term_name><![CDATA[simple]]></wp:term_name></wp:term>
	<wp:term><wp:term_id>17</wp:term_id><wp:term_taxonomy>product_type</wp:term_taxonomy><wp:term_slug>variable</wp:term_slug><wp:term_parent></wp:term_parent><wp:term_name><![CDATA[variable]]></wp:term_name></wp:term>
	<wp:term><wp:term_id>22</wp:term_id><wp:term_taxonomy>product_cat</wp:term_taxonomy><wp:term_slug>clothing</wp:term_slug><wp:term_parent></wp:term_parent><wp:term_name><![CDATA[Clothing]]></wp:term_name></wp:term>
	<wp:term><wp:term_id>23</wp:term_id><wp:term_taxonomy>product_cat</wp:term_taxonomy><wp:term_slug>hoodies</wp:term_slug><wp:term_parent>clothing</wp:term_parent><wp:term_name><![CDATA[Hoodies]]></wp:term_name></wp:term>
	<wp:term><wp:term_id>24</wp:term_id><wp:term_taxonomy>product_cat</wp:term_taxonomy><wp:term_slug>music</wp:term_slug><wp:term_parent></wp:term_parent><wp:term_name><![CDATA[Music]]></wp:term_name></wp:term>
	<wp:term><wp:term_id>25</wp:term_id><wp:term_taxonomy>product_cat</wp:term_taxonomy><wp:term_slug>posters</wp:term_slug><wp:term_parent></wp:term_parent><wp:term_name><![CDATA[Posters]]></wp:term_name></wp:term>
	<wp:term><wp:term_id>26</wp:term_id><wp:term_taxonomy>product_cat</wp:term_taxonomy><wp:term_slug>singles</wp:term_slug><wp:term_parent>music</wp:term_parent><wp:term_name><![CDATA[Singles]]></wp:term_name></wp:term>
	<wp:term><wp:term_id>27</wp:term_id><wp:term_taxonomy>product_cat</wp:term_taxonomy><wp:term_slug>t-shirts</wp:term_slug><wp:term_parent>clothing</wp:term_parent><wp:term_name><![CDATA[T-shirts]]></wp:term_name></wp:term>
	<wp:term><wp:term_id>28</wp:term_id><wp:term_taxonomy>product_cat</wp:term_taxonomy><wp:term_slug>albums</wp:term_slug><wp:term_parent>music</wp:term_parent><wp:term_name><![CDATA[Albums]]></wp:term_name></wp:term>
	<wp:term><wp:term_id>3</wp:term_id><wp:term_taxonomy>nav_menu</wp:term_taxonomy><wp:term_slug>footer-menu</wp:term_slug><wp:term_name><![CDATA[Footer Menu]]></wp:term_name></wp:term>
	<wp:term><wp:term_id>29</wp:term_id><wp:term_taxonomy>nav_menu</wp:term_taxonomy><wp:term_slug>left-menu</wp:term_slug><wp:term_name><![CDATA[left menu]]></wp:term_name></wp:term>
	<wp:term><wp:term_id>2</wp:term_id><wp:term_taxonomy>nav_menu</wp:term_taxonomy><wp:term_slug>main-menu</wp:term_slug><wp:term_name><![CDATA[Main Menu]]></wp:term_name></wp:term>

	<generator>http://wordpress.org/?v=4.3.1</generator>

	
	<item>
		<title>Woo Album #4</title>
		<link>http://themes.webdevia.com/bodyguard/product/woo-album-4/</link>
		<pubDate>Fri, 07 Jun 2013 11:37:23 +0000</pubDate>
		<dc:creator><![CDATA[root]]></dc:creator>
		<guid isPermaLink="false">http://demo2.woothemes.com/woocommerce/?post_type=product&#038;p=96</guid>
		<description></description>
		<content:encoded><![CDATA[Pellentesque habitant morbi tristique senectus et netus et malesuada fames ac turpis egestas. Vestibulum tortor quam, feugiat vitae, ultricies eget, tempor sit amet, ante. Donec eu libero sit amet quam egestas semper. Aenean ultricies mi vitae est. Mauris placerat eleifend leo.]]></content:encoded>
		<excerpt:encoded><![CDATA[Pellentesque habitant morbi tristique senectus et netus et malesuada fames ac turpis egestas. Vestibulum tortor quam, feugiat vitae, ultricies eget, tempor sit amet, ante. Donec eu libero sit amet quam egestas semper. Aenean ultricies mi vitae est. Mauris placerat eleifend leo.]]></excerpt:encoded>
		<wp:post_id>96</wp:post_id>
		<wp:post_date>2013-06-07 11:37:23</wp:post_date>
		<wp:post_date_gmt>2013-06-07 11:37:23</wp:post_date_gmt>
		<wp:comment_status>open</wp:comment_status>
		<wp:ping_status>closed</wp:ping_status>
		<wp:post_name>woo-album-4</wp:post_name>
		<wp:status>publish</wp:status>
		<wp:post_parent>0</wp:post_parent>
		<wp:menu_order>0</wp:menu_order>
		<wp:post_type>product</wp:post_type>
		<wp:post_password></wp:post_password>
		<wp:is_sticky>0</wp:is_sticky>
		<category domain="product_cat" nicename="albums"><![CDATA[Albums]]></category>
		<category domain="product_cat" nicename="music"><![CDATA[Music]]></category>
		<category domain="product_type" nicename="simple"><![CDATA[simple]]></category>
		<wp:postmeta>
			<wp:meta_key>_thumbnail_id</wp:meta_key>
			<wp:meta_value><![CDATA[97]]></wp:meta_value>
		</wp:postmeta>
		<wp:postmeta>
			<wp:meta_key>_visibility</wp:meta_key>
			<wp:meta_value><![CDATA[visible]]></wp:meta_value>
		</wp:postmeta>
		<wp:postmeta>
			<wp:meta_key>_stock_status</wp:meta_key>
			<wp:meta_value><![CDATA[instock]]></wp:meta_value>
		</wp:postmeta>
		<wp:postmeta>
			<wp:meta_key>total_sales</wp:meta_key>
			<wp:meta_value><![CDATA[0]]></wp:meta_value>
		</wp:postmeta>
		<wp:postmeta>
			<wp:meta_key>_downloadable</wp:meta_key>
			<wp:meta_value><![CDATA[yes]]></wp:meta_value>
		</wp:postmeta>
		<wp:postmeta>
			<wp:meta_key>_virtual</wp:meta_key>
			<wp:meta_value><![CDATA[no]]></wp:meta_value>
		</wp:postmeta>
		<wp:postmeta>
			<wp:meta_key>_product_image_gallery</wp:meta_key>
			<wp:meta_value><![CDATA[98]]></wp:meta_value>
		</wp:postmeta>
		<wp:postmeta>
			<wp:meta_key>_regular_price</wp:meta_key>
			<wp:meta_value><![CDATA[9]]></wp:meta_value>
		</wp:postmeta>
		<wp:postmeta>
			<wp:meta_key>_sale_price</wp:meta_key>
			<wp:meta_value><![CDATA[]]></wp:meta_value>
		</wp:postmeta>
		<wp:postmeta>
			<wp:meta_key>_tax_status</wp:meta_key>
			<wp:meta_value><![CDATA[]]></wp:meta_value>
		</wp:postmeta>
		<wp:postmeta>
			<wp:meta_key>_tax_class</wp:meta_key>
			<wp:meta_value><![CDATA[]]></wp:meta_value>
		</wp:postmeta>
		<wp:postmeta>
			<wp:meta_key>_purchase_note</wp:meta_key>
			<wp:meta_value><![CDATA[]]></wp:meta_value>
		</wp:postmeta>
		<wp:postmeta>
			<wp:meta_key>_featured</wp:meta_key>
			<wp:meta_value><![CDATA[no]]></wp:meta_value>
		</wp:postmeta>
		<wp:postmeta>
			<wp:meta_key>_weight</wp:meta_key>
			<wp:meta_value><![CDATA[]]></wp:meta_value>
		</wp:postmeta>
		<wp:postmeta>
			<wp:meta_key>_length</wp:meta_key>
			<wp:meta_value><![CDATA[]]></wp:meta_value>
		</wp:postmeta>
		<wp:postmeta>
			<wp:meta_key>_width</wp:meta_key>
			<wp:meta_value><![CDATA[]]></wp:meta_value>
		</wp:postmeta>
		<wp:postmeta>
			<wp:meta_key>_height</wp:meta_key>
			<wp:meta_value><![CDATA[]]></wp:meta_value>
		</wp:postmeta>
		<wp:postmeta>
			<wp:meta_key>_sku</wp:meta_key>
			<wp:meta_value><![CDATA[]]></wp:meta_value>
		</wp:postmeta>
		<wp:postmeta>
			<wp:meta_key>_product_attributes</wp:meta_key>
			<wp:meta_value><![CDATA[a:0:{}]]></wp:meta_value>
		</wp:postmeta>
		<wp:postmeta>
			<wp:meta_key>_sale_price_dates_from</wp:meta_key>
			<wp:meta_value><![CDATA[]]></wp:meta_value>
		</wp:postmeta>
		<wp:postmeta>
			<wp:meta_key>_sale_price_dates_to</wp:meta_key>
			<wp:meta_value><![CDATA[]]></wp:meta_value>
		</wp:postmeta>
		<wp:postmeta>
			<wp:meta_key>_price</wp:meta_key>
			<wp:meta_value><![CDATA[9]]></wp:meta_value>
		</wp:postmeta>
		<wp:postmeta>
			<wp:meta_key>_sold_individually</wp:meta_key>
			<wp:meta_value><![CDATA[]]></wp:meta_value>
		</wp:postmeta>
		<wp:postmeta>
			<wp:meta_key>_stock</wp:meta_key>
			<wp:meta_value><![CDATA[]]></wp:meta_value>
		</wp:postmeta>
		<wp:postmeta>
			<wp:meta_key>_backorders</wp:meta_key>
			<wp:meta_value><![CDATA[no]]></wp:meta_value>
		</wp:postmeta>
		<wp:postmeta>
			<wp:meta_key>_manage_stock</wp:meta_key>
			<wp:meta_value><![CDATA[no]]></wp:meta_value>
		</wp:postmeta>
		<wp:postmeta>
			<wp:meta_key>_file_paths</wp:meta_key>
			<wp:meta_value><![CDATA[a:0:{}]]></wp:meta_value>
		</wp:postmeta>
		<wp:postmeta>
			<wp:meta_key>_download_limit</wp:meta_key>
			<wp:meta_value><![CDATA[]]></wp:meta_value>
		</wp:postmeta>
		<wp:postmeta>
			<wp:meta_key>_download_expiry</wp:meta_key>
			<wp:meta_value><![CDATA[]]></wp:meta_value>
		</wp:postmeta>
		<wp:postmeta>
			<wp:meta_key>_vc_post_settings</wp:meta_key>
			<wp:meta_value><![CDATA[a:2:{s:7:"vc_grid";a:0:{}s:10:"vc_grid_id";a:0:{}}]]></wp:meta_value>
		</wp:postmeta>
		<wp:comment>
			<wp:comment_id>54</wp:comment_id>
			<wp:comment_author><![CDATA[James Koster]]></wp:comment_author>
			<wp:comment_author_email>james@jameskoster.co.uk</wp:comment_author_email>
			<wp:comment_author_url></wp:comment_author_url>
			<wp:comment_author_IP>86.146.141.82</wp:comment_author_IP>
			<wp:comment_date>2013-06-07 11:44:50</wp:comment_date>
			<wp:comment_date_gmt>2013-06-07 11:44:50</wp:comment_date_gmt>
			<wp:comment_content><![CDATA[The most influential album of the last 25 years? This just might be it.]]></wp:comment_content>
			<wp:comment_approved>1</wp:comment_approved>
			<wp:comment_type></wp:comment_type>
			<wp:comment_parent>0</wp:comment_parent>
			<wp:comment_user_id>0</wp:comment_user_id>
			<wp:commentmeta>
				<wp:meta_key>akismet_error</wp:meta_key>
				<wp:meta_value><![CDATA[1370605490]]></wp:meta_value>
			</wp:commentmeta>
			<wp:commentmeta>
				<wp:meta_key>akismet_history</wp:meta_key>
				<wp:meta_value><![CDATA[a:4:{s:4:"time";d:1370605490.617733001708984375;s:7:"message";s:92:"Akismet was unable to check this comment (response: ), will automatically retry again later.";s:5:"event";s:11:"check-error";s:4:"user";s:0:"";}]]></wp:meta_value>
			</wp:commentmeta>
			<wp:commentmeta>
				<wp:meta_key>akismet_as_submitted</wp:meta_key>
				<wp:meta_value><![CDATA[a:66:{s:15:"comment_post_ID";i:96;s:14:"comment_author";s:12:"James Koster";s:20:"comment_author_email";s:23:"james@jameskoster.co.uk";s:18:"comment_author_url";N;s:15:"comment_content";s:71:"The most influential album of the last 25 years? This just might be it.";s:12:"comment_type";s:0:"";s:14:"comment_parent";i:0;s:7:"user_ID";i:0;s:7:"user_ip";s:13:"86.146.141.82";s:10:"user_agent";s:120:"Mozilla/5.0 (Macintosh; Intel Mac OS X 10_8_3) AppleWebKit/537.36 (KHTML, like Gecko) Chrome/27.0.1453.110 Safari/537.36";s:8:"referrer";s:59:"http://demo2.woothemes.com/woocommerce/product/woo-album-4/";s:4:"blog";s:38:"http://demo2.woothemes.com/woocommerce";s:9:"blog_lang";s:5:"en_US";s:12:"blog_charset";s:5:"UTF-8";s:9:"permalink";s:59:"http://demo2.woothemes.com/woocommerce/product/woo-album-4/";s:21:"akismet_comment_nonce";s:6:"passed";s:11:"POST_author";s:12:"James Koster";s:10:"POST_email";s:23:"james@jameskoster.co.uk";s:11:"POST_rating";s:1:"5";s:12:"POST_comment";s:71:"The most influential album of the last 25 years? This just might be it.";s:7:"POST__n";s:10:"a80bd2f042";s:21:"POST__wp_http_referer";s:33:"/woocommerce/product/woo-album-4/";s:11:"POST_submit";s:13:"Submit Review";s:20:"POST_comment_post_ID";s:2:"96";s:19:"POST_comment_parent";s:1:"0";s:26:"POST_akismet_comment_nonce";s:10:"ed891d3d81";s:15:"SERVER_SOFTWARE";s:6:"Apache";s:11:"REQUEST_URI";s:33:"/woocommerce/wp-comments-post.php";s:15:"REDIRECT_IS_WPE";s:1:"1";s:27:"REDIRECT_WPE_CAN_WRITE_DISK";s:1:"0";s:15:"REDIRECT_STATUS";s:3:"200";s:6:"IS_WPE";s:1:"1";s:18:"WPE_CAN_WRITE_DISK";s:1:"0";s:9:"HTTP_HOST";s:19:"demo2.woothemes.com";s:13:"HTTP_X_LB_KEY";s:8:"woodemo2";s:13:"HTTP_X_IS_BOT";s:1:"0";s:15:"HTTP_USER_AGENT";s:120:"Mozilla/5.0 (Macintosh; Intel Mac OS X 10_8_3) AppleWebKit/537.36 (KHTML, like Gecko) Chrome/27.0.1453.110 Safari/537.36";s:15:"HTTP_CONNECTION";s:5:"close";s:14:"CONTENT_LENGTH";s:3:"305";s:18:"HTTP_CACHE_CONTROL";s:9:"max-age=0";s:11:"HTTP_ACCEPT";s:63:"text/html,application/xhtml+xml,application/xml;q=0.9,*/*;q=0.8";s:11:"HTTP_ORIGIN";s:26:"http://demo2.woothemes.com";s:12:"CONTENT_TYPE";s:33:"application/x-www-form-urlencoded";s:12:"HTTP_REFERER";s:59:"http://demo2.woothemes.com/woocommerce/product/woo-album-4/";s:20:"HTTP_ACCEPT_ENCODING";s:17:"gzip,deflate,sdch";s:20:"HTTP_ACCEPT_LANGUAGE";s:14:"en-US,en;q=0.8";s:11:"HTTP_COOKIE";s:0:"";s:4:"PATH";s:28:"/usr/local/bin:/usr/bin:/bin";s:16:"SERVER_SIGNATURE";s:0:"";s:11:"SERVER_NAME";s:19:"demo2.woothemes.com";s:11:"SERVER_ADDR";s:9:"127.0.0.1";s:11:"SERVER_PORT";s:2:"80";s:11:"REMOTE_ADDR";s:13:"86.146.141.82";s:13:"DOCUMENT_ROOT";s:26:"/nas/wp/www/sites/woodemo2";s:12:"SERVER_ADMIN";s:18:"[no address given]";s:15:"SCRIPT_FILENAME";s:47:"/nas/wp/www/sites/woodemo2/wp-comments-post.php";s:11:"REMOTE_PORT";s:5:"48176";s:12:"REDIRECT_URL";s:33:"/woocommerce/wp-comments-post.php";s:17:"GATEWAY_INTERFACE";s:7:"CGI/1.1";s:15:"SERVER_PROTOCOL";s:8:"HTTP/1.0";s:14:"REQUEST_METHOD";s:4:"POST";s:12:"QUERY_STRING";s:0:"";s:11:"SCRIPT_NAME";s:21:"/wp-comments-post.php";s:8:"PHP_SELF";s:21:"/wp-comments-post.php";s:12:"REQUEST_TIME";s:10:"1370605490";s:25:"comment_post_modified_gmt";s:19:"2013-06-07 11:39:52";}]]></wp:meta_value>
			</wp:commentmeta>
			<wp:commentmeta>
				<wp:meta_key>rating</wp:meta_key>
				<wp:meta_value><![CDATA[5]]></wp:meta_value>
			</wp:commentmeta>
			<wp:commentmeta>
				<wp:meta_key>akismet_history</wp:meta_key>
				<wp:meta_value><![CDATA[a:4:{s:4:"time";d:1370605642.8089940547943115234375;s:7:"message";s:46:"wooteam changed the comment status to approved";s:5:"event";s:15:"status-approved";s:4:"user";s:7:"wooteam";}]]></wp:meta_value>
			</wp:commentmeta>
		</wp:comment>
		<wp:comment>
			<wp:comment_id>55</wp:comment_id>
			<wp:comment_author><![CDATA[Coen Jacobs]]></wp:comment_author>
			<wp:comment_author_email>coen@woothemes.com</wp:comment_author_email>
			<wp:comment_author_url></wp:comment_author_url>
			<wp:comment_author_IP>84.39.28.254</wp:comment_author_IP>
			<wp:comment_date>2013-06-07 12:21:30</wp:comment_date>
			<wp:comment_date_gmt>2013-06-07 12:21:30</wp:comment_date_gmt>
			<wp:comment_content><![CDATA[Some rad tunes on this album!]]></wp:comment_content>
			<wp:comment_approved>1</wp:comment_approved>
			<wp:comment_type></wp:comment_type>
			<wp:comment_parent>0</wp:comment_parent>
			<wp:comment_user_id>0</wp:comment_user_id>
			<wp:commentmeta>
				<wp:meta_key>akismet_error</wp:meta_key>
				<wp:meta_value><![CDATA[1370607690]]></wp:meta_value>
			</wp:commentmeta>
			<wp:commentmeta>
				<wp:meta_key>akismet_history</wp:meta_key>
				<wp:meta_value><![CDATA[a:4:{s:4:"time";d:1370607690.593863964080810546875;s:7:"message";s:92:"Akismet was unable to check this comment (response: ), will automatically retry again later.";s:5:"event";s:11:"check-error";s:4:"user";s:0:"";}]]></wp:meta_value>
			</wp:commentmeta>
			<wp:commentmeta>
				<wp:meta_key>akismet_as_submitted</wp:meta_key>
				<wp:meta_value><![CDATA[a:66:{s:15:"comment_post_ID";i:96;s:14:"comment_author";s:11:"Coen Jacobs";s:20:"comment_author_email";s:18:"coen@woothemes.com";s:18:"comment_author_url";N;s:15:"comment_content";s:29:"Some rad tunes on this album!";s:12:"comment_type";s:0:"";s:14:"comment_parent";i:0;s:7:"user_ID";i:0;s:7:"user_ip";s:12:"84.39.28.254";s:10:"user_agent";s:120:"Mozilla/5.0 (Macintosh; Intel Mac OS X 10_8_4) AppleWebKit/537.36 (KHTML, like Gecko) Chrome/27.0.1453.110 Safari/537.36";s:8:"referrer";s:59:"http://demo2.woothemes.com/woocommerce/product/woo-album-4/";s:4:"blog";s:38:"http://demo2.woothemes.com/woocommerce";s:9:"blog_lang";s:5:"en_US";s:12:"blog_charset";s:5:"UTF-8";s:9:"permalink";s:59:"http://demo2.woothemes.com/woocommerce/product/woo-album-4/";s:21:"akismet_comment_nonce";s:6:"passed";s:11:"POST_author";s:11:"Coen Jacobs";s:10:"POST_email";s:18:"coen@woothemes.com";s:11:"POST_rating";s:1:"5";s:12:"POST_comment";s:29:"Some rad tunes on this album!";s:7:"POST__n";s:10:"2145d644a3";s:21:"POST__wp_http_referer";s:33:"/woocommerce/product/woo-album-4/";s:11:"POST_submit";s:13:"Submit Review";s:20:"POST_comment_post_ID";s:2:"96";s:19:"POST_comment_parent";s:1:"0";s:26:"POST_akismet_comment_nonce";s:10:"a6305fd045";s:15:"SERVER_SOFTWARE";s:6:"Apache";s:11:"REQUEST_URI";s:33:"/woocommerce/wp-comments-post.php";s:15:"REDIRECT_IS_WPE";s:1:"1";s:27:"REDIRECT_WPE_CAN_WRITE_DISK";s:1:"0";s:15:"REDIRECT_STATUS";s:3:"200";s:6:"IS_WPE";s:1:"1";s:18:"WPE_CAN_WRITE_DISK";s:1:"0";s:9:"HTTP_HOST";s:19:"demo2.woothemes.com";s:13:"HTTP_X_LB_KEY";s:8:"woodemo2";s:13:"HTTP_X_IS_BOT";s:1:"0";s:15:"HTTP_USER_AGENT";s:120:"Mozilla/5.0 (Macintosh; Intel Mac OS X 10_8_4) AppleWebKit/537.36 (KHTML, like Gecko) Chrome/27.0.1453.110 Safari/537.36";s:15:"HTTP_CONNECTION";s:5:"close";s:14:"CONTENT_LENGTH";s:3:"257";s:18:"HTTP_CACHE_CONTROL";s:9:"max-age=0";s:11:"HTTP_ACCEPT";s:63:"text/html,application/xhtml+xml,application/xml;q=0.9,*/*;q=0.8";s:11:"HTTP_ORIGIN";s:26:"http://demo2.woothemes.com";s:12:"CONTENT_TYPE";s:33:"application/x-www-form-urlencoded";s:12:"HTTP_REFERER";s:59:"http://demo2.woothemes.com/woocommerce/product/woo-album-4/";s:20:"HTTP_ACCEPT_ENCODING";s:17:"gzip,deflate,sdch";s:20:"HTTP_ACCEPT_LANGUAGE";s:23:"en-US,en;q=0.8,nl;q=0.6";s:11:"HTTP_COOKIE";s:0:"";s:4:"PATH";s:28:"/usr/local/bin:/usr/bin:/bin";s:16:"SERVER_SIGNATURE";s:0:"";s:11:"SERVER_NAME";s:19:"demo2.woothemes.com";s:11:"SERVER_ADDR";s:9:"127.0.0.1";s:11:"SERVER_PORT";s:2:"80";s:11:"REMOTE_ADDR";s:12:"84.39.28.254";s:13:"DOCUMENT_ROOT";s:26:"/nas/wp/www/sites/woodemo2";s:12:"SERVER_ADMIN";s:18:"[no address given]";s:15:"SCRIPT_FILENAME";s:47:"/nas/wp/www/sites/woodemo2/wp-comments-post.php";s:11:"REMOTE_PORT";s:5:"10047";s:12:"REDIRECT_URL";s:33:"/woocommerce/wp-comments-post.php";s:17:"GATEWAY_INTERFACE";s:7:"CGI/1.1";s:15:"SERVER_PROTOCOL";s:8:"HTTP/1.0";s:14:"REQUEST_METHOD";s:4:"POST";s:12:"QUERY_STRING";s:0:"";s:11:"SCRIPT_NAME";s:21:"/wp-comments-post.php";s:8:"PHP_SELF";s:21:"/wp-comments-post.php";s:12:"REQUEST_TIME";s:10:"1370607690";s:25:"comment_post_modified_gmt";s:19:"2013-06-07 11:39:52";}]]></wp:meta_value>
			</wp:commentmeta>
			<wp:commentmeta>
				<wp:meta_key>rating</wp:meta_key>
				<wp:meta_value><![CDATA[5]]></wp:meta_value>
			</wp:commentmeta>
			<wp:commentmeta>
				<wp:meta_key>akismet_history</wp:meta_key>
				<wp:meta_value><![CDATA[a:4:{s:4:"time";d:1370607954.72317409515380859375;s:7:"message";s:46:"wooteam changed the comment status to approved";s:5:"event";s:15:"status-approved";s:4:"user";s:7:"wooteam";}]]></wp:meta_value>
			</wp:commentmeta>
		</wp:comment>
	</item>

	<item>
		<title>Woo Single #2</title>
		<link>http://themes.webdevia.com/bodyguard/product/woo-single-2/</link>
		<pubDate>Fri, 07 Jun 2013 11:38:12 +0000</pubDate>
		<dc:creator><![CDATA[root]]></dc:creator>
		<guid isPermaLink="false">http://demo2.woothemes.com/woocommerce/?post_type=product&#038;p=99</guid>
		<description></description>
		<content:encoded><![CDATA[Pellentesque habitant morbi tristique senectus et netus et malesuada fames ac turpis egestas. Vestibulum tortor quam, feugiat vitae, ultricies eget, tempor sit amet, ante. Donec eu libero sit amet quam egestas semper. Aenean ultricies mi vitae est. Mauris placerat eleifend leo.]]></content:encoded>
		<excerpt:encoded><![CDATA[Pellentesque habitant morbi tristique senectus et netus et malesuada fames ac turpis egestas. Vestibulum tortor quam, feugiat vitae, ultricies eget, tempor sit amet, ante. Donec eu libero sit amet quam egestas semper. Aenean ultricies mi vitae est. Mauris placerat eleifend leo.]]></excerpt:encoded>
		<wp:post_id>99</wp:post_id>
		<wp:post_date>2013-06-07 11:38:12</wp:post_date>
		<wp:post_date_gmt>2013-06-07 11:38:12</wp:post_date_gmt>
		<wp:comment_status>open</wp:comment_status>
		<wp:ping_status>closed</wp:ping_status>
		<wp:post_name>woo-single-2</wp:post_name>
		<wp:status>publish</wp:status>
		<wp:post_parent>0</wp:post_parent>
		<wp:menu_order>0</wp:menu_order>
		<wp:post_type>product</wp:post_type>
		<wp:post_password></wp:post_password>
		<wp:is_sticky>0</wp:is_sticky>
		<category domain="product_cat" nicename="music"><![CDATA[Music]]></category>
		<category domain="product_type" nicename="simple"><![CDATA[simple]]></category>
		<category domain="product_cat" nicename="singles"><![CDATA[Singles]]></category>
		<wp:postmeta>
			<wp:meta_key>_thumbnail_id</wp:meta_key>
			<wp:meta_value><![CDATA[100]]></wp:meta_value>
		</wp:postmeta>
		<wp:postmeta>
			<wp:meta_key>_visibility</wp:meta_key>
			<wp:meta_value><![CDATA[visible]]></wp:meta_value>
		</wp:postmeta>
		<wp:postmeta>
			<wp:meta_key>_stock_status</wp:meta_key>
			<wp:meta_value><![CDATA[instock]]></wp:meta_value>
		</wp:postmeta>
		<wp:postmeta>
			<wp:meta_key>total_sales</wp:meta_key>
			<wp:meta_value><![CDATA[0]]></wp:meta_value>
		</wp:postmeta>
		<wp:postmeta>
			<wp:meta_key>_downloadable</wp:meta_key>
			<wp:meta_value><![CDATA[no]]></wp:meta_value>
		</wp:postmeta>
		<wp:postmeta>
			<wp:meta_key>_virtual</wp:meta_key>
			<wp:meta_value><![CDATA[no]]></wp:meta_value>
		</wp:postmeta>
		<wp:postmeta>
			<wp:meta_key>_product_image_gallery</wp:meta_key>
			<wp:meta_value><![CDATA[101]]></wp:meta_value>
		</wp:postmeta>
		<wp:postmeta>
			<wp:meta_key>_regular_price</wp:meta_key>
			<wp:meta_value><![CDATA[3]]></wp:meta_value>
		</wp:postmeta>
		<wp:postmeta>
			<wp:meta_key>_sale_price</wp:meta_key>
			<wp:meta_value><![CDATA[2]]></wp:meta_value>
		</wp:postmeta>
		<wp:postmeta>
			<wp:meta_key>_tax_status</wp:meta_key>
			<wp:meta_value><![CDATA[]]></wp:meta_value>
		</wp:postmeta>
		<wp:postmeta>
			<wp:meta_key>_tax_class</wp:meta_key>
			<wp:meta_value><![CDATA[]]></wp:meta_value>
		</wp:postmeta>
		<wp:postmeta>
			<wp:meta_key>_purchase_note</wp:meta_key>
			<wp:meta_value><![CDATA[]]></wp:meta_value>
		</wp:postmeta>
		<wp:postmeta>
			<wp:meta_key>_featured</wp:meta_key>
			<wp:meta_value><![CDATA[no]]></wp:meta_value>
		</wp:postmeta>
		<wp:postmeta>
			<wp:meta_key>_weight</wp:meta_key>
			<wp:meta_value><![CDATA[]]></wp:meta_value>
		</wp:postmeta>
		<wp:postmeta>
			<wp:meta_key>_length</wp:meta_key>
			<wp:meta_value><![CDATA[]]></wp:meta_value>
		</wp:postmeta>
		<wp:postmeta>
			<wp:meta_key>_width</wp:meta_key>
			<wp:meta_value><![CDATA[]]></wp:meta_value>
		</wp:postmeta>
		<wp:postmeta>
			<wp:meta_key>_height</wp:meta_key>
			<wp:meta_value><![CDATA[]]></wp:meta_value>
		</wp:postmeta>
		<wp:postmeta>
			<wp:meta_key>_sku</wp:meta_key>
			<wp:meta_value><![CDATA[]]></wp:meta_value>
		</wp:postmeta>
		<wp:postmeta>
			<wp:meta_key>_product_attributes</wp:meta_key>
			<wp:meta_value><![CDATA[a:0:{}]]></wp:meta_value>
		</wp:postmeta>
		<wp:postmeta>
			<wp:meta_key>_sale_price_dates_from</wp:meta_key>
			<wp:meta_value><![CDATA[]]></wp:meta_value>
		</wp:postmeta>
		<wp:postmeta>
			<wp:meta_key>_sale_price_dates_to</wp:meta_key>
			<wp:meta_value><![CDATA[]]></wp:meta_value>
		</wp:postmeta>
		<wp:postmeta>
			<wp:meta_key>_price</wp:meta_key>
			<wp:meta_value><![CDATA[2]]></wp:meta_value>
		</wp:postmeta>
		<wp:postmeta>
			<wp:meta_key>_sold_individually</wp:meta_key>
			<wp:meta_value><![CDATA[]]></wp:meta_value>
		</wp:postmeta>
		<wp:postmeta>
			<wp:meta_key>_stock</wp:meta_key>
			<wp:meta_value><![CDATA[]]></wp:meta_value>
		</wp:postmeta>
		<wp:postmeta>
			<wp:meta_key>_backorders</wp:meta_key>
			<wp:meta_value><![CDATA[no]]></wp:meta_value>
		</wp:postmeta>
		<wp:postmeta>
			<wp:meta_key>_manage_stock</wp:meta_key>
			<wp:meta_value><![CDATA[no]]></wp:meta_value>
		</wp:postmeta>
		<wp:postmeta>
			<wp:meta_key>_vc_post_settings</wp:meta_key>
			<wp:meta_value><![CDATA[a:2:{s:7:"vc_grid";a:0:{}s:10:"vc_grid_id";a:0:{}}]]></wp:meta_value>
		</wp:postmeta>
		<wp:comment>
			<wp:comment_id>56</wp:comment_id>
			<wp:comment_author><![CDATA[Cobus Bester]]></wp:comment_author>
			<wp:comment_author_email>bester.c@gmail.com</wp:comment_author_email>
			<wp:comment_author_url></wp:comment_author_url>
			<wp:comment_author_IP>196.215.9.147</wp:comment_author_IP>
			<wp:comment_date>2013-06-07 11:58:43</wp:comment_date>
			<wp:comment_date_gmt>2013-06-07 11:58:43</wp:comment_date_gmt>
			<wp:comment_content><![CDATA[This album proves why The Woo are the best band ever. Best music ever!]]></wp:comment_content>
			<wp:comment_approved>1</wp:comment_approved>
			<wp:comment_type></wp:comment_type>
			<wp:comment_parent>0</wp:comment_parent>
			<wp:comment_user_id>0</wp:comment_user_id>
			<wp:commentmeta>
				<wp:meta_key>akismet_error</wp:meta_key>
				<wp:meta_value><![CDATA[1370606323]]></wp:meta_value>
			</wp:commentmeta>
			<wp:commentmeta>
				<wp:meta_key>akismet_history</wp:meta_key>
				<wp:meta_value><![CDATA[a:4:{s:4:"time";d:1370606323.7919909954071044921875;s:7:"message";s:92:"Akismet was unable to check this comment (response: ), will automatically retry again later.";s:5:"event";s:11:"check-error";s:4:"user";s:0:"";}]]></wp:meta_value>
			</wp:commentmeta>
			<wp:commentmeta>
				<wp:meta_key>akismet_as_submitted</wp:meta_key>
				<wp:meta_value><![CDATA[a:67:{s:15:"comment_post_ID";i:99;s:14:"comment_author";s:12:"Cobus Bester";s:20:"comment_author_email";s:18:"bester.c@gmail.com";s:18:"comment_author_url";N;s:15:"comment_content";s:70:"This album proves why The Woo are the best band ever. Best music ever!";s:12:"comment_type";s:0:"";s:14:"comment_parent";i:0;s:7:"user_ID";i:0;s:7:"user_ip";s:13:"196.215.9.147";s:10:"user_agent";s:119:"Mozilla/5.0 (Macintosh; Intel Mac OS X 10_8_3) AppleWebKit/537.31 (KHTML, like Gecko) Chrome/26.0.1410.65 Safari/537.31";s:8:"referrer";s:60:"http://demo2.woothemes.com/woocommerce/product/woo-single-2/";s:4:"blog";s:38:"http://demo2.woothemes.com/woocommerce";s:9:"blog_lang";s:5:"en_US";s:12:"blog_charset";s:5:"UTF-8";s:9:"permalink";s:60:"http://demo2.woothemes.com/woocommerce/product/woo-single-2/";s:21:"akismet_comment_nonce";s:6:"passed";s:11:"POST_author";s:12:"Cobus Bester";s:10:"POST_email";s:18:"bester.c@gmail.com";s:11:"POST_rating";s:1:"4";s:12:"POST_comment";s:70:"This album proves why The Woo are the best band ever. Best music ever!";s:7:"POST__n";s:10:"a80bd2f042";s:21:"POST__wp_http_referer";s:34:"/woocommerce/product/woo-single-2/";s:11:"POST_submit";s:13:"Submit Review";s:20:"POST_comment_post_ID";s:2:"99";s:19:"POST_comment_parent";s:1:"0";s:26:"POST_akismet_comment_nonce";s:10:"059233ad6f";s:15:"SERVER_SOFTWARE";s:6:"Apache";s:11:"REQUEST_URI";s:33:"/woocommerce/wp-comments-post.php";s:15:"REDIRECT_IS_WPE";s:1:"1";s:27:"REDIRECT_WPE_CAN_WRITE_DISK";s:1:"0";s:15:"REDIRECT_STATUS";s:3:"200";s:6:"IS_WPE";s:1:"1";s:18:"WPE_CAN_WRITE_DISK";s:1:"0";s:9:"HTTP_HOST";s:19:"demo2.woothemes.com";s:13:"HTTP_X_LB_KEY";s:8:"woodemo2";s:13:"HTTP_X_IS_BOT";s:1:"0";s:15:"HTTP_USER_AGENT";s:119:"Mozilla/5.0 (Macintosh; Intel Mac OS X 10_8_3) AppleWebKit/537.31 (KHTML, like Gecko) Chrome/26.0.1410.65 Safari/537.31";s:15:"HTTP_CONNECTION";s:5:"close";s:14:"CONTENT_LENGTH";s:3:"300";s:18:"HTTP_CACHE_CONTROL";s:9:"max-age=0";s:11:"HTTP_ACCEPT";s:63:"text/html,application/xhtml+xml,application/xml;q=0.9,*/*;q=0.8";s:11:"HTTP_ORIGIN";s:26:"http://demo2.woothemes.com";s:12:"CONTENT_TYPE";s:33:"application/x-www-form-urlencoded";s:12:"HTTP_REFERER";s:60:"http://demo2.woothemes.com/woocommerce/product/woo-single-2/";s:20:"HTTP_ACCEPT_ENCODING";s:17:"gzip,deflate,sdch";s:20:"HTTP_ACCEPT_LANGUAGE";s:14:"en-US,en;q=0.8";s:19:"HTTP_ACCEPT_CHARSET";s:30:"ISO-8859-1,utf-8;q=0.7,*;q=0.3";s:11:"HTTP_COOKIE";s:0:"";s:4:"PATH";s:28:"/usr/local/bin:/usr/bin:/bin";s:16:"SERVER_SIGNATURE";s:0:"";s:11:"SERVER_NAME";s:19:"demo2.woothemes.com";s:11:"SERVER_ADDR";s:9:"127.0.0.1";s:11:"SERVER_PORT";s:2:"80";s:11:"REMOTE_ADDR";s:13:"196.215.9.147";s:13:"DOCUMENT_ROOT";s:26:"/nas/wp/www/sites/woodemo2";s:12:"SERVER_ADMIN";s:18:"[no address given]";s:15:"SCRIPT_FILENAME";s:47:"/nas/wp/www/sites/woodemo2/wp-comments-post.php";s:11:"REMOTE_PORT";s:5:"58583";s:12:"REDIRECT_URL";s:33:"/woocommerce/wp-comments-post.php";s:17:"GATEWAY_INTERFACE";s:7:"CGI/1.1";s:15:"SERVER_PROTOCOL";s:8:"HTTP/1.0";s:14:"REQUEST_METHOD";s:4:"POST";s:12:"QUERY_STRING";s:0:"";s:11:"SCRIPT_NAME";s:21:"/wp-comments-post.php";s:8:"PHP_SELF";s:21:"/wp-comments-post.php";s:12:"REQUEST_TIME";s:10:"1370606323";s:25:"comment_post_modified_gmt";s:19:"2013-06-07 11:39:32";}]]></wp:meta_value>
			</wp:commentmeta>
			<wp:commentmeta>
				<wp:meta_key>rating</wp:meta_key>
				<wp:meta_value><![CDATA[4]]></wp:meta_value>
			</wp:commentmeta>
			<wp:commentmeta>
				<wp:meta_key>akismet_history</wp:meta_key>
				<wp:meta_value><![CDATA[a:4:{s:4:"time";d:1370607945.93982601165771484375;s:7:"message";s:46:"wooteam changed the comment status to approved";s:5:"event";s:15:"status-approved";s:4:"user";s:7:"wooteam";}]]></wp:meta_value>
			</wp:commentmeta>
		</wp:comment>
		<wp:comment>
			<wp:comment_id>57</wp:comment_id>
			<wp:comment_author><![CDATA[Maria]]></wp:comment_author>
			<wp:comment_author_email>maria@woothemes.com</wp:comment_author_email>
			<wp:comment_author_url></wp:comment_author_url>
			<wp:comment_author_IP>24.225.103.32</wp:comment_author_IP>
			<wp:comment_date>2013-06-07 15:52:48</wp:comment_date>
			<wp:comment_date_gmt>2013-06-07 15:52:48</wp:comment_date_gmt>
			<wp:comment_content><![CDATA[Can’t wait to start mixin’ with this one! Irba-irr-Up-up-up-up-date your theme!]]></wp:comment_content>
			<wp:comment_approved>1</wp:comment_approved>
			<wp:comment_type></wp:comment_type>
			<wp:comment_parent>0</wp:comment_parent>
			<wp:comment_user_id>0</wp:comment_user_id>
			<wp:commentmeta>
				<wp:meta_key>akismet_error</wp:meta_key>
				<wp:meta_value><![CDATA[1370620368]]></wp:meta_value>
			</wp:commentmeta>
			<wp:commentmeta>
				<wp:meta_key>akismet_history</wp:meta_key>
				<wp:meta_value><![CDATA[a:4:{s:4:"time";d:1370620368.7943160533905029296875;s:7:"message";s:92:"Akismet was unable to check this comment (response: ), will automatically retry again later.";s:5:"event";s:11:"check-error";s:4:"user";s:0:"";}]]></wp:meta_value>
			</wp:commentmeta>
			<wp:commentmeta>
				<wp:meta_key>akismet_as_submitted</wp:meta_key>
				<wp:meta_value><![CDATA[a:66:{s:15:"comment_post_ID";i:99;s:14:"comment_author";s:5:"Maria";s:20:"comment_author_email";s:19:"maria@woothemes.com";s:18:"comment_author_url";N;s:15:"comment_content";s:83:"Can’t wait to start mixin’ with this one! Irba-irr-Up-up-up-up-date your theme!";s:12:"comment_type";s:0:"";s:14:"comment_parent";i:0;s:7:"user_ID";i:0;s:7:"user_ip";s:13:"24.225.103.32";s:10:"user_agent";s:120:"Mozilla/5.0 (Macintosh; Intel Mac OS X 10_8_4) AppleWebKit/537.36 (KHTML, like Gecko) Chrome/27.0.1453.110 Safari/537.36";s:8:"referrer";s:60:"http://demo2.woothemes.com/woocommerce/product/woo-single-2/";s:4:"blog";s:38:"http://demo2.woothemes.com/woocommerce";s:9:"blog_lang";s:5:"en_US";s:12:"blog_charset";s:5:"UTF-8";s:9:"permalink";s:60:"http://demo2.woothemes.com/woocommerce/product/woo-single-2/";s:21:"akismet_comment_nonce";s:6:"passed";s:11:"POST_author";s:5:"Maria";s:10:"POST_email";s:19:"maria@woothemes.com";s:11:"POST_rating";s:1:"5";s:12:"POST_comment";s:83:"Can’t wait to start mixin’ with this one! Irba-irr-Up-up-up-up-date your theme!";s:7:"POST__n";s:10:"2145d644a3";s:21:"POST__wp_http_referer";s:34:"/woocommerce/product/woo-single-2/";s:11:"POST_submit";s:13:"Submit Review";s:20:"POST_comment_post_ID";s:2:"99";s:19:"POST_comment_parent";s:1:"0";s:26:"POST_akismet_comment_nonce";s:10:"55e6a1c67c";s:15:"SERVER_SOFTWARE";s:6:"Apache";s:11:"REQUEST_URI";s:33:"/woocommerce/wp-comments-post.php";s:15:"REDIRECT_IS_WPE";s:1:"1";s:27:"REDIRECT_WPE_CAN_WRITE_DISK";s:1:"0";s:15:"REDIRECT_STATUS";s:3:"200";s:6:"IS_WPE";s:1:"1";s:18:"WPE_CAN_WRITE_DISK";s:1:"0";s:9:"HTTP_HOST";s:19:"demo2.woothemes.com";s:13:"HTTP_X_LB_KEY";s:8:"woodemo2";s:13:"HTTP_X_IS_BOT";s:1:"0";s:15:"HTTP_USER_AGENT";s:120:"Mozilla/5.0 (Macintosh; Intel Mac OS X 10_8_4) AppleWebKit/537.36 (KHTML, like Gecko) Chrome/27.0.1453.110 Safari/537.36";s:15:"HTTP_CONNECTION";s:5:"close";s:14:"CONTENT_LENGTH";s:3:"321";s:18:"HTTP_CACHE_CONTROL";s:9:"max-age=0";s:11:"HTTP_ACCEPT";s:63:"text/html,application/xhtml+xml,application/xml;q=0.9,*/*;q=0.8";s:11:"HTTP_ORIGIN";s:26:"http://demo2.woothemes.com";s:12:"CONTENT_TYPE";s:33:"application/x-www-form-urlencoded";s:12:"HTTP_REFERER";s:60:"http://demo2.woothemes.com/woocommerce/product/woo-single-2/";s:20:"HTTP_ACCEPT_ENCODING";s:17:"gzip,deflate,sdch";s:20:"HTTP_ACCEPT_LANGUAGE";s:14:"en-US,en;q=0.8";s:11:"HTTP_COOKIE";s:0:"";s:4:"PATH";s:28:"/usr/local/bin:/usr/bin:/bin";s:16:"SERVER_SIGNATURE";s:0:"";s:11:"SERVER_NAME";s:19:"demo2.woothemes.com";s:11:"SERVER_ADDR";s:9:"127.0.0.1";s:11:"SERVER_PORT";s:2:"80";s:11:"REMOTE_ADDR";s:13:"24.225.103.32";s:13:"DOCUMENT_ROOT";s:26:"/nas/wp/www/sites/woodemo2";s:12:"SERVER_ADMIN";s:18:"[no address given]";s:15:"SCRIPT_FILENAME";s:47:"/nas/wp/www/sites/woodemo2/wp-comments-post.php";s:11:"REMOTE_PORT";s:5:"26649";s:12:"REDIRECT_URL";s:33:"/woocommerce/wp-comments-post.php";s:17:"GATEWAY_INTERFACE";s:7:"CGI/1.1";s:15:"SERVER_PROTOCOL";s:8:"HTTP/1.0";s:14:"REQUEST_METHOD";s:4:"POST";s:12:"QUERY_STRING";s:0:"";s:11:"SCRIPT_NAME";s:21:"/wp-comments-post.php";s:8:"PHP_SELF";s:21:"/wp-comments-post.php";s:12:"REQUEST_TIME";s:10:"1370620368";s:25:"comment_post_modified_gmt";s:19:"2013-06-07 11:39:32";}]]></wp:meta_value>
			</wp:commentmeta>
			<wp:commentmeta>
				<wp:meta_key>rating</wp:meta_key>
				<wp:meta_value><![CDATA[5]]></wp:meta_value>
			</wp:commentmeta>
			<wp:commentmeta>
				<wp:meta_key>akismet_history</wp:meta_key>
				<wp:meta_value><![CDATA[a:4:{s:4:"time";d:1370620633.9469869136810302734375;s:7:"message";s:46:"wooteam changed the comment status to approved";s:5:"event";s:15:"status-approved";s:4:"user";s:7:"wooteam";}]]></wp:meta_value>
			</wp:commentmeta>
		</wp:comment>
	</item>

	<item>
		<title>Amine Jazouli</title>
		<link>http://themes.webdevia.com/bodyguard/blog/team-member/abdellatif/</link>
		<pubDate>Wed, 13 Aug 2014 23:30:24 +0000</pubDate>
		<dc:creator><![CDATA[root]]></dc:creator>
		<guid isPermaLink="false">http://localhost/metroblocks/?post_type=team-member&#038;p=78</guid>
		<description></description>
		<content:encoded><![CDATA[]]></content:encoded>
		<excerpt:encoded><![CDATA[]]></excerpt:encoded>
		<wp:post_id>2084</wp:post_id>
		<wp:post_date>2014-08-13 23:30:24</wp:post_date>
		<wp:post_date_gmt>2014-08-13 23:30:24</wp:post_date_gmt>
		<wp:comment_status>closed</wp:comment_status>
		<wp:ping_status>closed</wp:ping_status>
		<wp:post_name>abdellatif</wp:post_name>
		<wp:status>publish</wp:status>
		<wp:post_parent>0</wp:post_parent>
		<wp:menu_order>0</wp:menu_order>
		<wp:post_type>team-member</wp:post_type>
		<wp:post_password></wp:post_password>
		<wp:is_sticky>0</wp:is_sticky>
		<wp:postmeta>
			<wp:meta_key>_edit_last</wp:meta_key>
			<wp:meta_value><![CDATA[1]]></wp:meta_value>
		</wp:postmeta>
		<wp:postmeta>
			<wp:meta_key>slide_template</wp:meta_key>
			<wp:meta_value><![CDATA[default]]></wp:meta_value>
		</wp:postmeta>
		<wp:postmeta>
			<wp:meta_key>eg_sources_html5_mp4</wp:meta_key>
			<wp:meta_value><![CDATA[]]></wp:meta_value>
		</wp:postmeta>
		<wp:postmeta>
			<wp:meta_key>eg_sources_html5_ogv</wp:meta_key>
			<wp:meta_value><![CDATA[]]></wp:meta_value>
		</wp:postmeta>
		<wp:postmeta>
			<wp:meta_key>eg_sources_html5_webm</wp:meta_key>
			<wp:meta_value><![CDATA[]]></wp:meta_value>
		</wp:postmeta>
		<wp:postmeta>
			<wp:meta_key>eg_sources_youtube</wp:meta_key>
			<wp:meta_value><![CDATA[]]></wp:meta_value>
		</wp:postmeta>
		<wp:postmeta>
			<wp:meta_key>eg_sources_vimeo</wp:meta_key>
			<wp:meta_value><![CDATA[]]></wp:meta_value>
		</wp:postmeta>
		<wp:postmeta>
			<wp:meta_key>eg_sources_image</wp:meta_key>
			<wp:meta_value><![CDATA[]]></wp:meta_value>
		</wp:postmeta>
		<wp:postmeta>
			<wp:meta_key>eg_sources_iframe</wp:meta_key>
			<wp:meta_value><![CDATA[]]></wp:meta_value>
		</wp:postmeta>
		<wp:postmeta>
			<wp:meta_key>eg_sources_soundcloud</wp:meta_key>
			<wp:meta_value><![CDATA[]]></wp:meta_value>
		</wp:postmeta>
		<wp:postmeta>
			<wp:meta_key>eg_vimeo_ratio</wp:meta_key>
			<wp:meta_value><![CDATA[0]]></wp:meta_value>
		</wp:postmeta>
		<wp:postmeta>
			<wp:meta_key>eg_youtube_ratio</wp:meta_key>
			<wp:meta_value><![CDATA[0]]></wp:meta_value>
		</wp:postmeta>
		<wp:postmeta>
			<wp:meta_key>eg_html5_ratio</wp:meta_key>
			<wp:meta_value><![CDATA[0]]></wp:meta_value>
		</wp:postmeta>
		<wp:postmeta>
			<wp:meta_key>eg_soundcloud_ratio</wp:meta_key>
			<wp:meta_value><![CDATA[0]]></wp:meta_value>
		</wp:postmeta>
		<wp:postmeta>
			<wp:meta_key>eg_settings_custom_meta_skin</wp:meta_key>
			<wp:meta_value><![CDATA[]]></wp:meta_value>
		</wp:postmeta>
		<wp:postmeta>
			<wp:meta_key>eg_settings_custom_meta_element</wp:meta_key>
			<wp:meta_value><![CDATA[]]></wp:meta_value>
		</wp:postmeta>
		<wp:postmeta>
			<wp:meta_key>eg_settings_custom_meta_setting</wp:meta_key>
			<wp:meta_value><![CDATA[]]></wp:meta_value>
		</wp:postmeta>
		<wp:postmeta>
			<wp:meta_key>eg_settings_custom_meta_style</wp:meta_key>
			<wp:meta_value><![CDATA[]]></wp:meta_value>
		</wp:postmeta>
		<wp:postmeta>
			<wp:meta_key>wd_team_job_title</wp:meta_key>
			<wp:meta_value><![CDATA[Infographie]]></wp:meta_value>
		</wp:postmeta>
		<wp:postmeta>
			<wp:meta_key>_wd_team_job_title</wp:meta_key>
			<wp:meta_value><![CDATA[field_5319df9acce0e]]></wp:meta_value>
		</wp:postmeta>
		<wp:postmeta>
			<wp:meta_key>wd_team_pciture</wp:meta_key>
			<wp:meta_value><![CDATA[23]]></wp:meta_value>
		</wp:postmeta>
		<wp:postmeta>
			<wp:meta_key>_wd_team_pciture</wp:meta_key>
			<wp:meta_value><![CDATA[field_5319e2214b6ff]]></wp:meta_value>
		</wp:postmeta>
		<wp:postmeta>
			<wp:meta_key>wd_team_description</wp:meta_key>
			<wp:meta_value><![CDATA[description]]></wp:meta_value>
		</wp:postmeta>
		<wp:postmeta>
			<wp:meta_key>_wd_team_description</wp:meta_key>
			<wp:meta_value><![CDATA[field_5319e260fe394]]></wp:meta_value>
		</wp:postmeta>
		<wp:postmeta>
			<wp:meta_key>job_title</wp:meta_key>
			<wp:meta_value><![CDATA[Designer]]></wp:meta_value>
		</wp:postmeta>
		<wp:postmeta>
			<wp:meta_key>_job_title</wp:meta_key>
			<wp:meta_value><![CDATA[field_5319df9acce0e]]></wp:meta_value>
		</wp:postmeta>
		<wp:postmeta>
			<wp:meta_key>picture</wp:meta_key>
			<wp:meta_value><![CDATA[]]></wp:meta_value>
		</wp:postmeta>
		<wp:postmeta>
			<wp:meta_key>_picture</wp:meta_key>
			<wp:meta_value><![CDATA[field_53ec04a42e2e0]]></wp:meta_value>
		</wp:postmeta>
		<wp:postmeta>
			<wp:meta_key>description</wp:meta_key>
			<wp:meta_value><![CDATA[http://uploaded.net/file/48otbs2q]]></wp:meta_value>
		</wp:postmeta>
		<wp:postmeta>
			<wp:meta_key>_description</wp:meta_key>
			<wp:meta_value><![CDATA[field_5319e260fe394]]></wp:meta_value>
		</wp:postmeta>
		<wp:postmeta>
			<wp:meta_key>wd_job_title</wp:meta_key>
			<wp:meta_value><![CDATA[Infographie]]></wp:meta_value>
		</wp:postmeta>
		<wp:postmeta>
			<wp:meta_key>_wd_job_title</wp:meta_key>
			<wp:meta_value><![CDATA[field_53ec045d2e2df]]></wp:meta_value>
		</wp:postmeta>
		<wp:postmeta>
			<wp:meta_key>wd_picture</wp:meta_key>
			<wp:meta_value><![CDATA[2094]]></wp:meta_value>
		</wp:postmeta>
		<wp:postmeta>
			<wp:meta_key>_wd_picture</wp:meta_key>
			<wp:meta_value><![CDATA[field_53ec04a42e2e0]]></wp:meta_value>
		</wp:postmeta>
		<wp:postmeta>
			<wp:meta_key>wd_description</wp:meta_key>
			<wp:meta_value><![CDATA[Lorem ipsum dolor sit amet, consectetur adipiscing elit. Integer laoreet et felis id fermentum. Nam id est sit amet eros mollis condimentum vel ac velit. Nullam consectetur sem et mi accumsan laoreet. ]]></wp:meta_value>
		</wp:postmeta>
		<wp:postmeta>
			<wp:meta_key>_wd_description</wp:meta_key>
			<wp:meta_value><![CDATA[field_53ec04ce2e2e1]]></wp:meta_value>
		</wp:postmeta>
		<wp:postmeta>
			<wp:meta_key>facebook</wp:meta_key>
			<wp:meta_value><![CDATA[http://]]></wp:meta_value>
		</wp:postmeta>
		<wp:postmeta>
			<wp:meta_key>_facebook</wp:meta_key>
			<wp:meta_value><![CDATA[field_53fcc5583c234]]></wp:meta_value>
		</wp:postmeta>
		<wp:postmeta>
			<wp:meta_key>twitter</wp:meta_key>
			<wp:meta_value><![CDATA[http://]]></wp:meta_value>
		</wp:postmeta>
		<wp:postmeta>
			<wp:meta_key>_twitter</wp:meta_key>
			<wp:meta_value><![CDATA[field_53fcc6aa3c236]]></wp:meta_value>
		</wp:postmeta>
		<wp:postmeta>
			<wp:meta_key>google-plus</wp:meta_key>
			<wp:meta_value><![CDATA[http://]]></wp:meta_value>
		</wp:postmeta>
		<wp:postmeta>
			<wp:meta_key>_google-plus</wp:meta_key>
			<wp:meta_value><![CDATA[field_53fcc6a73c235]]></wp:meta_value>
		</wp:postmeta>
		<wp:postmeta>
			<wp:meta_key>_vc_post_settings</wp:meta_key>
			<wp:meta_value><![CDATA[a:2:{s:7:"vc_grid";a:0:{}s:10:"vc_grid_id";a:0:{}}]]></wp:meta_value>
		</wp:postmeta>
		<wp:postmeta>
			<wp:meta_key>pciture</wp:meta_key>
			<wp:meta_value><![CDATA[http://themes.webdevia.com/bodyguard/wp-content/uploads/2015/06/guy-2.jpg]]></wp:meta_value>
		</wp:postmeta>
		<wp:postmeta>
			<wp:meta_key>_pciture</wp:meta_key>
			<wp:meta_value><![CDATA[field_5319e2214b6ff]]></wp:meta_value>
		</wp:postmeta>
		<wp:postmeta>
			<wp:meta_key>wd_twitter</wp:meta_key>
			<wp:meta_value><![CDATA[https://www.twitter.com]]></wp:meta_value>
		</wp:postmeta>
		<wp:postmeta>
			<wp:meta_key>_wd_twitter</wp:meta_key>
			<wp:meta_value><![CDATA[field_54524de108c08]]></wp:meta_value>
		</wp:postmeta>
		<wp:postmeta>
			<wp:meta_key>wd_facebook</wp:meta_key>
			<wp:meta_value><![CDATA[https://www.facebook.com]]></wp:meta_value>
		</wp:postmeta>
		<wp:postmeta>
			<wp:meta_key>_wd_facebook</wp:meta_key>
			<wp:meta_value><![CDATA[field_54524d8c08c06]]></wp:meta_value>
		</wp:postmeta>
		<wp:postmeta>
			<wp:meta_key>wd_linkedin</wp:meta_key>
			<wp:meta_value><![CDATA[https://www.LinkedIn.com]]></wp:meta_value>
		</wp:postmeta>
		<wp:postmeta>
			<wp:meta_key>_wd_linkedin</wp:meta_key>
			<wp:meta_value><![CDATA[field_54524ddf08c07]]></wp:meta_value>
		</wp:postmeta>
		<wp:postmeta>
			<wp:meta_key>eg_sources_wistia</wp:meta_key>
			<wp:meta_value><![CDATA[]]></wp:meta_value>
		</wp:postmeta>
		<wp:postmeta>
			<wp:meta_key>eg_wistia_ratio</wp:meta_key>
			<wp:meta_value><![CDATA[0]]></wp:meta_value>
		</wp:postmeta>
		<wp:postmeta>
			<wp:meta_key>eg_sources_revslider</wp:meta_key>
			<wp:meta_value><![CDATA[]]></wp:meta_value>
		</wp:postmeta>
	</item>

	<item>
		<title>John Harris</title>
		<link>http://themes.webdevia.com/bodyguard/blog/team-member/salim/</link>
		<pubDate>Thu, 14 Aug 2014 09:37:26 +0000</pubDate>
		<dc:creator><![CDATA[root]]></dc:creator>
		<guid isPermaLink="false">http://localhost/metroblocks/?post_type=team-member&#038;p=83</guid>
		<description></description>
		<content:encoded><![CDATA[]]></content:encoded>
		<excerpt:encoded><![CDATA[]]></excerpt:encoded>
		<wp:post_id>2085</wp:post_id>
		<wp:post_date>2014-08-14 09:37:26</wp:post_date>
		<wp:post_date_gmt>2014-08-14 09:37:26</wp:post_date_gmt>
		<wp:comment_status>closed</wp:comment_status>
		<wp:ping_status>closed</wp:ping_status>
		<wp:post_name>salim</wp:post_name>
		<wp:status>publish</wp:status>
		<wp:post_parent>0</wp:post_parent>
		<wp:menu_order>0</wp:menu_order>
		<wp:post_type>team-member</wp:post_type>
		<wp:post_password></wp:post_password>
		<wp:is_sticky>0</wp:is_sticky>
		<wp:postmeta>
			<wp:meta_key>_edit_last</wp:meta_key>
			<wp:meta_value><![CDATA[1]]></wp:meta_value>
		</wp:postmeta>
		<wp:postmeta>
			<wp:meta_key>wd_job_title</wp:meta_key>
			<wp:meta_value><![CDATA[Reseaux]]></wp:meta_value>
		</wp:postmeta>
		<wp:postmeta>
			<wp:meta_key>_wd_job_title</wp:meta_key>
			<wp:meta_value><![CDATA[field_53ec045d2e2df]]></wp:meta_value>
		</wp:postmeta>
		<wp:postmeta>
			<wp:meta_key>wd_picture</wp:meta_key>
			<wp:meta_value><![CDATA[2092]]></wp:meta_value>
		</wp:postmeta>
		<wp:postmeta>
			<wp:meta_key>_wd_picture</wp:meta_key>
			<wp:meta_value><![CDATA[field_53ec04a42e2e0]]></wp:meta_value>
		</wp:postmeta>
		<wp:postmeta>
			<wp:meta_key>wd_description</wp:meta_key>
			<wp:meta_value><![CDATA[Lorem ipsum dolor sit amet, consectetur adipiscing elit. Integer laoreet et felis id fermentum. Nam id est sit amet eros mollis condimentum vel ac velit. Nullam consectetur sem et mi accumsan laoreet. ]]></wp:meta_value>
		</wp:postmeta>
		<wp:postmeta>
			<wp:meta_key>_wd_description</wp:meta_key>
			<wp:meta_value><![CDATA[field_53ec04ce2e2e1]]></wp:meta_value>
		</wp:postmeta>
		<wp:postmeta>
			<wp:meta_key>slide_template</wp:meta_key>
			<wp:meta_value><![CDATA[default]]></wp:meta_value>
		</wp:postmeta>
		<wp:postmeta>
			<wp:meta_key>eg_sources_html5_mp4</wp:meta_key>
			<wp:meta_value><![CDATA[]]></wp:meta_value>
		</wp:postmeta>
		<wp:postmeta>
			<wp:meta_key>eg_sources_html5_ogv</wp:meta_key>
			<wp:meta_value><![CDATA[]]></wp:meta_value>
		</wp:postmeta>
		<wp:postmeta>
			<wp:meta_key>eg_sources_html5_webm</wp:meta_key>
			<wp:meta_value><![CDATA[]]></wp:meta_value>
		</wp:postmeta>
		<wp:postmeta>
			<wp:meta_key>eg_sources_youtube</wp:meta_key>
			<wp:meta_value><![CDATA[]]></wp:meta_value>
		</wp:postmeta>
		<wp:postmeta>
			<wp:meta_key>eg_sources_vimeo</wp:meta_key>
			<wp:meta_value><![CDATA[]]></wp:meta_value>
		</wp:postmeta>
		<wp:postmeta>
			<wp:meta_key>eg_sources_image</wp:meta_key>
			<wp:meta_value><![CDATA[]]></wp:meta_value>
		</wp:postmeta>
		<wp:postmeta>
			<wp:meta_key>eg_sources_iframe</wp:meta_key>
			<wp:meta_value><![CDATA[]]></wp:meta_value>
		</wp:postmeta>
		<wp:postmeta>
			<wp:meta_key>eg_sources_soundcloud</wp:meta_key>
			<wp:meta_value><![CDATA[]]></wp:meta_value>
		</wp:postmeta>
		<wp:postmeta>
			<wp:meta_key>eg_vimeo_ratio</wp:meta_key>
			<wp:meta_value><![CDATA[0]]></wp:meta_value>
		</wp:postmeta>
		<wp:postmeta>
			<wp:meta_key>eg_youtube_ratio</wp:meta_key>
			<wp:meta_value><![CDATA[0]]></wp:meta_value>
		</wp:postmeta>
		<wp:postmeta>
			<wp:meta_key>eg_html5_ratio</wp:meta_key>
			<wp:meta_value><![CDATA[0]]></wp:meta_value>
		</wp:postmeta>
		<wp:postmeta>
			<wp:meta_key>eg_soundcloud_ratio</wp:meta_key>
			<wp:meta_value><![CDATA[0]]></wp:meta_value>
		</wp:postmeta>
		<wp:postmeta>
			<wp:meta_key>eg_settings_custom_meta_skin</wp:meta_key>
			<wp:meta_value><![CDATA[]]></wp:meta_value>
		</wp:postmeta>
		<wp:postmeta>
			<wp:meta_key>eg_settings_custom_meta_element</wp:meta_key>
			<wp:meta_value><![CDATA[]]></wp:meta_value>
		</wp:postmeta>
		<wp:postmeta>
			<wp:meta_key>eg_settings_custom_meta_setting</wp:meta_key>
			<wp:meta_value><![CDATA[]]></wp:meta_value>
		</wp:postmeta>
		<wp:postmeta>
			<wp:meta_key>eg_settings_custom_meta_style</wp:meta_key>
			<wp:meta_value><![CDATA[]]></wp:meta_value>
		</wp:postmeta>
		<wp:postmeta>
			<wp:meta_key>_vc_post_settings</wp:meta_key>
			<wp:meta_value><![CDATA[a:2:{s:7:"vc_grid";a:0:{}s:10:"vc_grid_id";a:0:{}}]]></wp:meta_value>
		</wp:postmeta>
		<wp:postmeta>
			<wp:meta_key>facebook</wp:meta_key>
			<wp:meta_value><![CDATA[http://]]></wp:meta_value>
		</wp:postmeta>
		<wp:postmeta>
			<wp:meta_key>_facebook</wp:meta_key>
			<wp:meta_value><![CDATA[field_53fcc5583c234]]></wp:meta_value>
		</wp:postmeta>
		<wp:postmeta>
			<wp:meta_key>twitter</wp:meta_key>
			<wp:meta_value><![CDATA[http://]]></wp:meta_value>
		</wp:postmeta>
		<wp:postmeta>
			<wp:meta_key>_twitter</wp:meta_key>
			<wp:meta_value><![CDATA[field_53fcc6aa3c236]]></wp:meta_value>
		</wp:postmeta>
		<wp:postmeta>
			<wp:meta_key>google-plus</wp:meta_key>
			<wp:meta_value><![CDATA[http://]]></wp:meta_value>
		</wp:postmeta>
		<wp:postmeta>
			<wp:meta_key>_google-plus</wp:meta_key>
			<wp:meta_value><![CDATA[field_53fcc6a73c235]]></wp:meta_value>
		</wp:postmeta>
		<wp:postmeta>
			<wp:meta_key>job_title</wp:meta_key>
			<wp:meta_value><![CDATA[Product Manager]]></wp:meta_value>
		</wp:postmeta>
		<wp:postmeta>
			<wp:meta_key>_job_title</wp:meta_key>
			<wp:meta_value><![CDATA[field_5319df9acce0e]]></wp:meta_value>
		</wp:postmeta>
		<wp:postmeta>
			<wp:meta_key>pciture</wp:meta_key>
			<wp:meta_value><![CDATA[http://themes.webdevia.com/bodyguard/wp-content/uploads/2015/09/founder-3.jpg]]></wp:meta_value>
		</wp:postmeta>
		<wp:postmeta>
			<wp:meta_key>_pciture</wp:meta_key>
			<wp:meta_value><![CDATA[field_5319e2214b6ff]]></wp:meta_value>
		</wp:postmeta>
		<wp:postmeta>
			<wp:meta_key>_description</wp:meta_key>
			<wp:meta_value><![CDATA[field_5319e260fe394]]></wp:meta_value>
		</wp:postmeta>
		<wp:postmeta>
			<wp:meta_key>wd_twitter</wp:meta_key>
			<wp:meta_value><![CDATA[https://www.twitter.com]]></wp:meta_value>
		</wp:postmeta>
		<wp:postmeta>
			<wp:meta_key>_wd_twitter</wp:meta_key>
			<wp:meta_value><![CDATA[field_54524de108c08]]></wp:meta_value>
		</wp:postmeta>
		<wp:postmeta>
			<wp:meta_key>wd_facebook</wp:meta_key>
			<wp:meta_value><![CDATA[https://www.facebook.com]]></wp:meta_value>
		</wp:postmeta>
		<wp:postmeta>
			<wp:meta_key>_wd_facebook</wp:meta_key>
			<wp:meta_value><![CDATA[field_54524d8c08c06]]></wp:meta_value>
		</wp:postmeta>
		<wp:postmeta>
			<wp:meta_key>wd_linkedin</wp:meta_key>
			<wp:meta_value><![CDATA[https://www.LinkedIn.com]]></wp:meta_value>
		</wp:postmeta>
		<wp:postmeta>
			<wp:meta_key>_wd_linkedin</wp:meta_key>
			<wp:meta_value><![CDATA[field_54524ddf08c07]]></wp:meta_value>
		</wp:postmeta>
		<wp:postmeta>
			<wp:meta_key>eg_sources_wistia</wp:meta_key>
			<wp:meta_value><![CDATA[]]></wp:meta_value>
		</wp:postmeta>
		<wp:postmeta>
			<wp:meta_key>eg_wistia_ratio</wp:meta_key>
			<wp:meta_value><![CDATA[0]]></wp:meta_value>
		</wp:postmeta>
		<wp:postmeta>
			<wp:meta_key>eg_sources_revslider</wp:meta_key>
			<wp:meta_value><![CDATA[]]></wp:meta_value>
		</wp:postmeta>
		<wp:postmeta>
			<wp:meta_key>description</wp:meta_key>
			<wp:meta_value><![CDATA[Europan lingues es membres del sam familie. Lor separat existentie ]]></wp:meta_value>
		</wp:postmeta>
	</item>

	<item>
		<title>Alex Joan</title>
		<link>http://themes.webdevia.com/bodyguard/blog/team-member/adil/</link>
		<pubDate>Thu, 14 Aug 2014 09:38:03 +0000</pubDate>
		<dc:creator><![CDATA[root]]></dc:creator>
		<guid isPermaLink="false">http://localhost/metroblocks/?post_type=team-member&#038;p=84</guid>
		<description></description>
		<content:encoded><![CDATA[]]></content:encoded>
		<excerpt:encoded><![CDATA[]]></excerpt:encoded>
		<wp:post_id>2086</wp:post_id>
		<wp:post_date>2014-08-14 09:38:03</wp:post_date>
		<wp:post_date_gmt>2014-08-14 09:38:03</wp:post_date_gmt>
		<wp:comment_status>closed</wp:comment_status>
		<wp:ping_status>closed</wp:ping_status>
		<wp:post_name>adil</wp:post_name>
		<wp:status>publish</wp:status>
		<wp:post_parent>0</wp:post_parent>
		<wp:menu_order>0</wp:menu_order>
		<wp:post_type>team-member</wp:post_type>
		<wp:post_password></wp:post_password>
		<wp:is_sticky>0</wp:is_sticky>
		<wp:postmeta>
			<wp:meta_key>_edit_last</wp:meta_key>
			<wp:meta_value><![CDATA[1]]></wp:meta_value>
		</wp:postmeta>
		<wp:postmeta>
			<wp:meta_key>wd_job_title</wp:meta_key>
			<wp:meta_value><![CDATA[WebDesing]]></wp:meta_value>
		</wp:postmeta>
		<wp:postmeta>
			<wp:meta_key>_wd_job_title</wp:meta_key>
			<wp:meta_value><![CDATA[field_53ec045d2e2df]]></wp:meta_value>
		</wp:postmeta>
		<wp:postmeta>
			<wp:meta_key>wd_picture</wp:meta_key>
			<wp:meta_value><![CDATA[2091]]></wp:meta_value>
		</wp:postmeta>
		<wp:postmeta>
			<wp:meta_key>_wd_picture</wp:meta_key>
			<wp:meta_value><![CDATA[field_53ec04a42e2e0]]></wp:meta_value>
		</wp:postmeta>
		<wp:postmeta>
			<wp:meta_key>wd_description</wp:meta_key>
			<wp:meta_value><![CDATA[Lorem ipsum dolor sit amet, consectetur adipiscing elit. Integer laoreet et felis id fermentum. Nam id est sit amet eros mollis condimentum vel ac velit. Nullam consectetur sem et mi accumsan laoreet. ]]></wp:meta_value>
		</wp:postmeta>
		<wp:postmeta>
			<wp:meta_key>_wd_description</wp:meta_key>
			<wp:meta_value><![CDATA[field_53ec04ce2e2e1]]></wp:meta_value>
		</wp:postmeta>
		<wp:postmeta>
			<wp:meta_key>slide_template</wp:meta_key>
			<wp:meta_value><![CDATA[default]]></wp:meta_value>
		</wp:postmeta>
		<wp:postmeta>
			<wp:meta_key>eg_sources_html5_mp4</wp:meta_key>
			<wp:meta_value><![CDATA[]]></wp:meta_value>
		</wp:postmeta>
		<wp:postmeta>
			<wp:meta_key>eg_sources_html5_ogv</wp:meta_key>
			<wp:meta_value><![CDATA[]]></wp:meta_value>
		</wp:postmeta>
		<wp:postmeta>
			<wp:meta_key>eg_sources_html5_webm</wp:meta_key>
			<wp:meta_value><![CDATA[]]></wp:meta_value>
		</wp:postmeta>
		<wp:postmeta>
			<wp:meta_key>eg_sources_youtube</wp:meta_key>
			<wp:meta_value><![CDATA[]]></wp:meta_value>
		</wp:postmeta>
		<wp:postmeta>
			<wp:meta_key>eg_sources_vimeo</wp:meta_key>
			<wp:meta_value><![CDATA[]]></wp:meta_value>
		</wp:postmeta>
		<wp:postmeta>
			<wp:meta_key>eg_sources_image</wp:meta_key>
			<wp:meta_value><![CDATA[]]></wp:meta_value>
		</wp:postmeta>
		<wp:postmeta>
			<wp:meta_key>eg_sources_iframe</wp:meta_key>
			<wp:meta_value><![CDATA[]]></wp:meta_value>
		</wp:postmeta>
		<wp:postmeta>
			<wp:meta_key>eg_sources_soundcloud</wp:meta_key>
			<wp:meta_value><![CDATA[]]></wp:meta_value>
		</wp:postmeta>
		<wp:postmeta>
			<wp:meta_key>eg_vimeo_ratio</wp:meta_key>
			<wp:meta_value><![CDATA[0]]></wp:meta_value>
		</wp:postmeta>
		<wp:postmeta>
			<wp:meta_key>eg_youtube_ratio</wp:meta_key>
			<wp:meta_value><![CDATA[0]]></wp:meta_value>
		</wp:postmeta>
		<wp:postmeta>
			<wp:meta_key>eg_html5_ratio</wp:meta_key>
			<wp:meta_value><![CDATA[0]]></wp:meta_value>
		</wp:postmeta>
		<wp:postmeta>
			<wp:meta_key>eg_soundcloud_ratio</wp:meta_key>
			<wp:meta_value><![CDATA[0]]></wp:meta_value>
		</wp:postmeta>
		<wp:postmeta>
			<wp:meta_key>eg_settings_custom_meta_skin</wp:meta_key>
			<wp:meta_value><![CDATA[]]></wp:meta_value>
		</wp:postmeta>
		<wp:postmeta>
			<wp:meta_key>eg_settings_custom_meta_element</wp:meta_key>
			<wp:meta_value><![CDATA[]]></wp:meta_value>
		</wp:postmeta>
		<wp:postmeta>
			<wp:meta_key>eg_settings_custom_meta_setting</wp:meta_key>
			<wp:meta_value><![CDATA[]]></wp:meta_value>
		</wp:postmeta>
		<wp:postmeta>
			<wp:meta_key>eg_settings_custom_meta_style</wp:meta_key>
			<wp:meta_value><![CDATA[]]></wp:meta_value>
		</wp:postmeta>
		<wp:postmeta>
			<wp:meta_key>facebook</wp:meta_key>
			<wp:meta_value><![CDATA[http://]]></wp:meta_value>
		</wp:postmeta>
		<wp:postmeta>
			<wp:meta_key>_facebook</wp:meta_key>
			<wp:meta_value><![CDATA[field_53fcc5583c234]]></wp:meta_value>
		</wp:postmeta>
		<wp:postmeta>
			<wp:meta_key>twitter</wp:meta_key>
			<wp:meta_value><![CDATA[http://]]></wp:meta_value>
		</wp:postmeta>
		<wp:postmeta>
			<wp:meta_key>_twitter</wp:meta_key>
			<wp:meta_value><![CDATA[field_53fcc6aa3c236]]></wp:meta_value>
		</wp:postmeta>
		<wp:postmeta>
			<wp:meta_key>google-plus</wp:meta_key>
			<wp:meta_value><![CDATA[http://]]></wp:meta_value>
		</wp:postmeta>
		<wp:postmeta>
			<wp:meta_key>_google-plus</wp:meta_key>
			<wp:meta_value><![CDATA[field_53fcc6a73c235]]></wp:meta_value>
		</wp:postmeta>
		<wp:postmeta>
			<wp:meta_key>_vc_post_settings</wp:meta_key>
			<wp:meta_value><![CDATA[a:2:{s:7:"vc_grid";a:0:{}s:10:"vc_grid_id";a:0:{}}]]></wp:meta_value>
		</wp:postmeta>
		<wp:postmeta>
			<wp:meta_key>job_title</wp:meta_key>
			<wp:meta_value><![CDATA[Project Manager]]></wp:meta_value>
		</wp:postmeta>
		<wp:postmeta>
			<wp:meta_key>_job_title</wp:meta_key>
			<wp:meta_value><![CDATA[field_5319df9acce0e]]></wp:meta_value>
		</wp:postmeta>
		<wp:postmeta>
			<wp:meta_key>pciture</wp:meta_key>
			<wp:meta_value><![CDATA[http://themes.webdevia.com/bodyguard/wp-content/uploads/2015/09/founder-2.jpg]]></wp:meta_value>
		</wp:postmeta>
		<wp:postmeta>
			<wp:meta_key>_pciture</wp:meta_key>
			<wp:meta_value><![CDATA[field_5319e2214b6ff]]></wp:meta_value>
		</wp:postmeta>
		<wp:postmeta>
			<wp:meta_key>_description</wp:meta_key>
			<wp:meta_value><![CDATA[field_5319e260fe394]]></wp:meta_value>
		</wp:postmeta>
		<wp:postmeta>
			<wp:meta_key>wd_twitter</wp:meta_key>
			<wp:meta_value><![CDATA[https://www.twitter.com]]></wp:meta_value>
		</wp:postmeta>
		<wp:postmeta>
			<wp:meta_key>_wd_twitter</wp:meta_key>
			<wp:meta_value><![CDATA[field_54524de108c08]]></wp:meta_value>
		</wp:postmeta>
		<wp:postmeta>
			<wp:meta_key>wd_facebook</wp:meta_key>
			<wp:meta_value><![CDATA[https://www.facebook.com]]></wp:meta_value>
		</wp:postmeta>
		<wp:postmeta>
			<wp:meta_key>_wd_facebook</wp:meta_key>
			<wp:meta_value><![CDATA[field_54524d8c08c06]]></wp:meta_value>
		</wp:postmeta>
		<wp:postmeta>
			<wp:meta_key>wd_linkedin</wp:meta_key>
			<wp:meta_value><![CDATA[https://www.LinkedIn.com]]></wp:meta_value>
		</wp:postmeta>
		<wp:postmeta>
			<wp:meta_key>_wd_linkedin</wp:meta_key>
			<wp:meta_value><![CDATA[field_54524ddf08c07]]></wp:meta_value>
		</wp:postmeta>
		<wp:postmeta>
			<wp:meta_key>eg_sources_wistia</wp:meta_key>
			<wp:meta_value><![CDATA[]]></wp:meta_value>
		</wp:postmeta>
		<wp:postmeta>
			<wp:meta_key>eg_wistia_ratio</wp:meta_key>
			<wp:meta_value><![CDATA[0]]></wp:meta_value>
		</wp:postmeta>
		<wp:postmeta>
			<wp:meta_key>eg_sources_revslider</wp:meta_key>
			<wp:meta_value><![CDATA[]]></wp:meta_value>
		</wp:postmeta>
		<wp:postmeta>
			<wp:meta_key>description</wp:meta_key>
			<wp:meta_value><![CDATA[Europan lingues es membres del sam familie. Lor separat existentie ]]></wp:meta_value>
		</wp:postmeta>
	</item>

	<item>
		<title>Aleen Valzac</title>
		<link>http://themes.webdevia.com/bodyguard/blog/team-member/aleen-valzac/</link>
		<pubDate>Sat, 21 Feb 2015 11:57:47 +0000</pubDate>
		<dc:creator><![CDATA[root]]></dc:creator>
		<guid isPermaLink="false">http://themes.webdevia.com/metro-blocks-wp/removal/?post_type=team-member&#038;p=2218</guid>
		<description></description>
		<content:encoded><![CDATA[]]></content:encoded>
		<excerpt:encoded><![CDATA[]]></excerpt:encoded>
		<wp:post_id>2218</wp:post_id>
		<wp:post_date>2015-02-21 11:57:47</wp:post_date>
		<wp:post_date_gmt>2015-02-21 11:57:47</wp:post_date_gmt>
		<wp:comment_status>closed</wp:comment_status>
		<wp:ping_status>closed</wp:ping_status>
		<wp:post_name>aleen-valzac</wp:post_name>
		<wp:status>publish</wp:status>
		<wp:post_parent>0</wp:post_parent>
		<wp:menu_order>0</wp:menu_order>
		<wp:post_type>team-member</wp:post_type>
		<wp:post_password></wp:post_password>
		<wp:is_sticky>0</wp:is_sticky>
		<wp:postmeta>
			<wp:meta_key>_edit_last</wp:meta_key>
			<wp:meta_value><![CDATA[1]]></wp:meta_value>
		</wp:postmeta>
		<wp:postmeta>
			<wp:meta_key>_vc_post_settings</wp:meta_key>
			<wp:meta_value><![CDATA[a:2:{s:7:"vc_grid";a:0:{}s:10:"vc_grid_id";a:0:{}}]]></wp:meta_value>
		</wp:postmeta>
		<wp:postmeta>
			<wp:meta_key>job_title</wp:meta_key>
			<wp:meta_value><![CDATA[CEO]]></wp:meta_value>
		</wp:postmeta>
		<wp:postmeta>
			<wp:meta_key>_job_title</wp:meta_key>
			<wp:meta_value><![CDATA[field_5319df9acce0e]]></wp:meta_value>
		</wp:postmeta>
		<wp:postmeta>
			<wp:meta_key>pciture</wp:meta_key>
			<wp:meta_value><![CDATA[http://themes.webdevia.com/bodyguard/wp-content/uploads/2015/09/founder-1.jpg]]></wp:meta_value>
		</wp:postmeta>
		<wp:postmeta>
			<wp:meta_key>_pciture</wp:meta_key>
			<wp:meta_value><![CDATA[field_5319e2214b6ff]]></wp:meta_value>
		</wp:postmeta>
		<wp:postmeta>
			<wp:meta_key>_description</wp:meta_key>
			<wp:meta_value><![CDATA[field_5319e260fe394]]></wp:meta_value>
		</wp:postmeta>
		<wp:postmeta>
			<wp:meta_key>wd_twitter</wp:meta_key>
			<wp:meta_value><![CDATA[https://www.twitter.com]]></wp:meta_value>
		</wp:postmeta>
		<wp:postmeta>
			<wp:meta_key>_wd_twitter</wp:meta_key>
			<wp:meta_value><![CDATA[field_54524de108c08]]></wp:meta_value>
		</wp:postmeta>
		<wp:postmeta>
			<wp:meta_key>wd_facebook</wp:meta_key>
			<wp:meta_value><![CDATA[https://www.facebook.com]]></wp:meta_value>
		</wp:postmeta>
		<wp:postmeta>
			<wp:meta_key>_wd_facebook</wp:meta_key>
			<wp:meta_value><![CDATA[field_54524d8c08c06]]></wp:meta_value>
		</wp:postmeta>
		<wp:postmeta>
			<wp:meta_key>wd_linkedin</wp:meta_key>
			<wp:meta_value><![CDATA[https://www.LinkedIn.com]]></wp:meta_value>
		</wp:postmeta>
		<wp:postmeta>
			<wp:meta_key>_wd_linkedin</wp:meta_key>
			<wp:meta_value><![CDATA[field_54524ddf08c07]]></wp:meta_value>
		</wp:postmeta>
		<wp:postmeta>
			<wp:meta_key>slide_template</wp:meta_key>
			<wp:meta_value><![CDATA[default]]></wp:meta_value>
		</wp:postmeta>
		<wp:postmeta>
			<wp:meta_key>eg_sources_html5_mp4</wp:meta_key>
			<wp:meta_value><![CDATA[]]></wp:meta_value>
		</wp:postmeta>
		<wp:postmeta>
			<wp:meta_key>eg_sources_html5_ogv</wp:meta_key>
			<wp:meta_value><![CDATA[]]></wp:meta_value>
		</wp:postmeta>
		<wp:postmeta>
			<wp:meta_key>eg_sources_html5_webm</wp:meta_key>
			<wp:meta_value><![CDATA[]]></wp:meta_value>
		</wp:postmeta>
		<wp:postmeta>
			<wp:meta_key>eg_sources_youtube</wp:meta_key>
			<wp:meta_value><![CDATA[]]></wp:meta_value>
		</wp:postmeta>
		<wp:postmeta>
			<wp:meta_key>eg_sources_vimeo</wp:meta_key>
			<wp:meta_value><![CDATA[]]></wp:meta_value>
		</wp:postmeta>
		<wp:postmeta>
			<wp:meta_key>eg_sources_wistia</wp:meta_key>
			<wp:meta_value><![CDATA[]]></wp:meta_value>
		</wp:postmeta>
		<wp:postmeta>
			<wp:meta_key>eg_sources_image</wp:meta_key>
			<wp:meta_value><![CDATA[]]></wp:meta_value>
		</wp:postmeta>
		<wp:postmeta>
			<wp:meta_key>eg_sources_iframe</wp:meta_key>
			<wp:meta_value><![CDATA[]]></wp:meta_value>
		</wp:postmeta>
		<wp:postmeta>
			<wp:meta_key>eg_sources_soundcloud</wp:meta_key>
			<wp:meta_value><![CDATA[]]></wp:meta_value>
		</wp:postmeta>
		<wp:postmeta>
			<wp:meta_key>eg_vimeo_ratio</wp:meta_key>
			<wp:meta_value><![CDATA[0]]></wp:meta_value>
		</wp:postmeta>
		<wp:postmeta>
			<wp:meta_key>eg_youtube_ratio</wp:meta_key>
			<wp:meta_value><![CDATA[0]]></wp:meta_value>
		</wp:postmeta>
		<wp:postmeta>
			<wp:meta_key>eg_wistia_ratio</wp:meta_key>
			<wp:meta_value><![CDATA[0]]></wp:meta_value>
		</wp:postmeta>
		<wp:postmeta>
			<wp:meta_key>eg_html5_ratio</wp:meta_key>
			<wp:meta_value><![CDATA[0]]></wp:meta_value>
		</wp:postmeta>
		<wp:postmeta>
			<wp:meta_key>eg_soundcloud_ratio</wp:meta_key>
			<wp:meta_value><![CDATA[0]]></wp:meta_value>
		</wp:postmeta>
		<wp:postmeta>
			<wp:meta_key>eg_settings_custom_meta_skin</wp:meta_key>
			<wp:meta_value><![CDATA[]]></wp:meta_value>
		</wp:postmeta>
		<wp:postmeta>
			<wp:meta_key>eg_settings_custom_meta_element</wp:meta_key>
			<wp:meta_value><![CDATA[]]></wp:meta_value>
		</wp:postmeta>
		<wp:postmeta>
			<wp:meta_key>eg_settings_custom_meta_setting</wp:meta_key>
			<wp:meta_value><![CDATA[]]></wp:meta_value>
		</wp:postmeta>
		<wp:postmeta>
			<wp:meta_key>eg_settings_custom_meta_style</wp:meta_key>
			<wp:meta_value><![CDATA[]]></wp:meta_value>
		</wp:postmeta>
		<wp:postmeta>
			<wp:meta_key>eg_sources_revslider</wp:meta_key>
			<wp:meta_value><![CDATA[]]></wp:meta_value>
		</wp:postmeta>
		<wp:postmeta>
			<wp:meta_key>description</wp:meta_key>
			<wp:meta_value><![CDATA[Europan lingues es membres del sam familie. Lor separat existentie ]]></wp:meta_value>
		</wp:postmeta>
	</item>

</channel>
</rss>
