{"sidebar-1":{"search-2":{"title":""},"wd_recent_post-3":{"title":"Latest Posts","dis_posts":"3"},"recent-posts-2":{"title":"","number":5},"archives-2":{"title":"","count":0,"dropdown":0},"recent-comments-2":{"title":"","number":5},"categories-2":{"title":"","count":0,"hierarchical":0,"dropdown":0},"meta-2":{"title":""}},"sidebar-2":{"nav_menu-2":{"nav_menu":29},"text-2":{"title":"Documents","text":"<div class=\"widget-documents\">\r\n<span class=\"widget-subtitle\">Here is some useful documents<\/span>\r\n<ul>\r\n<li><i class=\"fa fa-file-pdf-o\"><\/i><a href=\"#\" title=\"Finacial Results of 2015\">Finacial Results of 2015<\/a><\/li>\r\n<li><i class=\"fa fa-file-word-o\"><\/i><a href=\"#\" title=\"Press Release Number 5\">Press Release Number 5<\/a><\/li>\r\n<\/ul>\r\n<\/div>","filter":false},"text-3":{"title":"Certifications","text":"<img src=\"http:\/\/themes.webdevia.com\/logistica-wp\/demo-2\/wp-content\/uploads\/sites\/3\/2015\/06\/iso.jpg\" rel=\"iso-9001\"\/>","filter":false}},"footer-1":{"text-5":{"title":"","text":"<div class=\"footer-logo\"><img alt=\"logo\" src=\"http:\/\/themes.webdevia.com\/bodyguard\/wp-content\/uploads\/2015\/08\/bodyguard-logo1.png\"><\/div>","filter":false}},"footer-2":{"contactinfo-3":{"title":"Get in Touch","phoneNumber":"+1 123 457 653","fax":"+1 496 457 654","email":"our-mail@example.com","adress":"121 King Street, Melbourne 3000 Australia"}},"footer-3":{"text-6":{"title":"","text":"<h2 class=\"block-title\">Newsletter<\/h2>\r\nSign up your newsletter\r\n\r\n<div class=\"newsletter-div\"><input type=\"text\" class=\"email-adress\" placeholder=\"EMAIL ADRESS\" size=\"20\" value=\"\" name=\"email-adress\">\r\n<input type=\"submit\" class=\"newslettersubmit\" value=\"GO\">\r\n<ul class=\"social-icons accent inline-list\">\r\n    <li class=\"flickr\">\r\n        <a href=\"http:\/\/www.flickr.com\/webdevia\"><i class=\"fa fa-flickr\"><\/i><\/a>\r\n    <\/li>\r\n    <li class=\"facebook\">\r\n        <a href=\"https:\/\/www.facebook.com\/webdevia\"><i class=\"fa fa-facebook\"><\/i><\/a>\r\n    <\/li>\r\n    <li class=\"twitter\">\r\n        <a href=\"https:\/\/twitter.com\/webdevia\"><i class=\"fa fa-twitter\"><\/i><\/a>\r\n    <\/li>\r\n    <li class=\"vimeo\">\r\n        <a href=\"https:\/\/vimeo.com\/webdevia\"><i class=\"fa fa-vimeo-square\"><\/i><\/a>\r\n    <\/li>\r\n<\/ul>\r\n<\/div>","filter":false}},"shop-widgets":{"woocommerce_price_filter-2":{"title":"Filter by price"},"woocommerce_widget_cart-2":{"title":"Cart","hide_if_empty":0},"woocommerce_product_search-2":{"title":""},"woocommerce_top_rated_products-2":{"title":"Top Rated Products","number":"5"},"woocommerce_product_categories-2":{"title":"Product Categories","orderby":"name","dropdown":0,"count":0,"hierarchical":"1","show_children_only":0}}}